{
  "dataset_rows": 134,
  "train_rows": 93,
  "test_rows": 41,
  "accuracy": 0.926829268292683,
  "precision": 0.9230769230769231,
  "recall": 0.96,
  "f1": 0.9411764705882353,
  "confusion_matrix": [
    [
      14,
      2
    ],
    [
      1,
      24
    ]
  ],
  "classification_report": "              precision    recall  f1-score   support\n\n           0       0.93      0.88      0.90        16\n           1       0.92      0.96      0.94        25\n\n    accuracy                           0.93        41\n   macro avg       0.93      0.92      0.92        41\nweighted avg       0.93      0.93      0.93        41\n"
}